alexandria, ghcr.io/ocicl/alexandria@sha256:e433c2e076ed3bcf8641b97b00192680db2201d305efac9293539dee88c7fbf7, alexandria-20240503-8514d8e/alexandria.asd
autoload, ghcr.io/ocicl/mgl-pax-bootstrap@sha256:1c15644701ad5b8e441b2724c265c995437052beb52322c447816c3cc17c564a, mgl-pax-20260313-f7f9414/autoload/autoload.asd
bordeaux-threads, ghcr.io/ocicl/bordeaux-threads@sha256:bbb32afe3987e102149cc019f4f7366a05f7a37d1503f5f86a27745e671c320a, bordeaux-threads-0.9.4/bordeaux-threads.asd
cl-csv, ghcr.io/ocicl/cl-csv@sha256:01600afb8570e45cfd2e1486138c844b13d940a1070140ff9341f6ec98b8e9c6, cl-csv-20240127-2d64d41/cl-csv.asd
cl-csv-clsql, ghcr.io/ocicl/cl-csv@sha256:01600afb8570e45cfd2e1486138c844b13d940a1070140ff9341f6ec98b8e9c6, cl-csv-20240127-2d64d41/cl-csv-clsql.asd
cl-csv-data-table, ghcr.io/ocicl/cl-csv@sha256:01600afb8570e45cfd2e1486138c844b13d940a1070140ff9341f6ec98b8e9c6, cl-csv-20240127-2d64d41/cl-csv-data-table.asd
cl-interpol, ghcr.io/ocicl/cl-interpol@sha256:bf02bce744361792150a04310b24a623596b99190a9f85a1c2ebf35f12b2288c, cl-interpol-2.0.7/cl-interpol.asd
cl-ppcre, ghcr.io/ocicl/cl-ppcre@sha256:bf073924cf4fd5957a4fd961a95d446ed0e53fa32a5002cbd2d52182874f45e5, cl-ppcre-20250606-a2ea581/cl-ppcre.asd
cl-ppcre-unicode, ghcr.io/ocicl/cl-ppcre@sha256:bf073924cf4fd5957a4fd961a95d446ed0e53fa32a5002cbd2d52182874f45e5, cl-ppcre-20250606-a2ea581/cl-ppcre-unicode.asd
cl-unicode, ghcr.io/ocicl/cl-unicode@sha256:d98f12c1271fb3c1812a27d64dfbe95b0bc5bcfd545b71b8101874e61270b120, cl-unicode-20240503-07e7ff5/cl-unicode.asd
closer-mop, ghcr.io/ocicl/closer-mop@sha256:39ec579e68118a8be57a7882812ff31094a031f88b77f11cf4434a92261f1126, closer-mop-20260329-04db182/closer-mop.asd
com.inuoe.jzon, ghcr.io/ocicl/com.inuoe.jzon@sha256:b0cfbc3d8fb3c09526d92575b40b13a68ad93be7edeb48fd69dcea053c5611a5, jzon-20251113-f05afbb/com.inuoe.jzon.asd
com.inuoe.jzon-tests, ghcr.io/ocicl/com.inuoe.jzon@sha256:b0cfbc3d8fb3c09526d92575b40b13a68ad93be7edeb48fd69dcea053c5611a5, jzon-20251113-f05afbb/com.inuoe.jzon-tests.asd
documentation-utils, ghcr.io/ocicl/documentation-utils@sha256:b2a1b3f3bcd1a738af85ae2b0168d408c177661eab6d6bbebb254e394d983f54, documentation-utils-20230511-98630dd/documentation-utils.asd
dref, ghcr.io/ocicl/mgl-pax-bootstrap@sha256:1c15644701ad5b8e441b2724c265c995437052beb52322c447816c3cc17c564a, mgl-pax-20260313-f7f9414/dref/dref.asd
dref-test, ghcr.io/ocicl/mgl-pax-bootstrap@sha256:1c15644701ad5b8e441b2724c265c995437052beb52322c447816c3cc17c564a, mgl-pax-20260313-f7f9414/dref/dref-test.asd
dref-test-package-inferred, ghcr.io/ocicl/mgl-pax-bootstrap@sha256:1c15644701ad5b8e441b2724c265c995437052beb52322c447816c3cc17c564a, mgl-pax-20260313-f7f9414/dref/test/data/dref-test-package-inferred.asd
flexi-streams, ghcr.io/ocicl/flexi-streams@sha256:95005b06a8a95c82780c75ead53810bcb273d07fcf5fe76b527f1856df9923f2, flexi-streams-20240503-4951d57/flexi-streams.asd
flexi-streams-test, ghcr.io/ocicl/flexi-streams@sha256:95005b06a8a95c82780c75ead53810bcb273d07fcf5fe76b527f1856df9923f2, flexi-streams-20240503-4951d57/flexi-streams-test.asd
float-features, ghcr.io/ocicl/float-features@sha256:584413c7c013aa8bad9fc78360e25eb4030c4ad0936f589a5a7c04d33a5f5799, float-features-20260218-daecae2/float-features.asd
global-vars, ghcr.io/ocicl/global-vars@sha256:d197e871c9c9abc4bf31b1186f5fd28f0ca848ebe2e9dddf2d82ecee01dbdc65, global-vars-20240503-c749f32/global-vars.asd
global-vars-test, ghcr.io/ocicl/global-vars@sha256:d197e871c9c9abc4bf31b1186f5fd28f0ca848ebe2e9dddf2d82ecee01dbdc65, global-vars-20240503-c749f32/global-vars-test.asd
ironclad, ghcr.io/ocicl/ironclad@sha256:3117e5a26a3e94924074c3548c235a2b733609ed61a2731880ac9e31df55428b, ironclad-20240503-6da010f/ironclad.asd
ironclad-text, ghcr.io/ocicl/ironclad@sha256:3117e5a26a3e94924074c3548c235a2b733609ed61a2731880ac9e31df55428b, ironclad-20240503-6da010f/ironclad-text.asd
iterate, ghcr.io/ocicl/iterate@sha256:6950c55e3782d58cabbbb5753111a70d8cafab8348b7fd6f2143d9abeaab46fb, iterate-20250703-d27d7ff/iterate.asd
mgl-pax, ghcr.io/ocicl/mgl-pax-bootstrap@sha256:1c15644701ad5b8e441b2724c265c995437052beb52322c447816c3cc17c564a, mgl-pax-20260313-f7f9414/mgl-pax.asd
mgl-pax-bootstrap, ghcr.io/ocicl/mgl-pax-bootstrap@sha256:1c15644701ad5b8e441b2724c265c995437052beb52322c447816c3cc17c564a, mgl-pax-20260313-f7f9414/mgl-pax-bootstrap.asd
mgl-pax-test, ghcr.io/ocicl/mgl-pax-bootstrap@sha256:1c15644701ad5b8e441b2724c265c995437052beb52322c447816c3cc17c564a, mgl-pax-20260313-f7f9414/mgl-pax-test.asd
mgl-pax.asdf, ghcr.io/ocicl/mgl-pax-bootstrap@sha256:1c15644701ad5b8e441b2724c265c995437052beb52322c447816c3cc17c564a, mgl-pax-20260313-f7f9414/mgl-pax.asdf.asd
multilang-documentation-utils, ghcr.io/ocicl/documentation-utils@sha256:b2a1b3f3bcd1a738af85ae2b0168d408c177661eab6d6bbebb254e394d983f54, documentation-utils-20230511-98630dd/multilang-documentation-utils.asd
named-readtables, ghcr.io/ocicl/named-readtables@sha256:9c467a5a6d7b4e928d4ca48986e14312cf29cd5a71347be0ebb515ebb964ced2, named-readtables-20260701-9b774b5/named-readtables.asd
named-readtables-test, ghcr.io/ocicl/named-readtables@sha256:9c467a5a6d7b4e928d4ca48986e14312cf29cd5a71347be0ebb515ebb964ced2, named-readtables-20260701-9b774b5/named-readtables-test.asd
trivial-features, ghcr.io/ocicl/trivial-features@sha256:e278e24d39060fc7d3715531b16ddd9ab7f93f22ade53e436c0b86dbae3aa065, trivial-features-1.0/trivial-features.asd
trivial-features-tests, ghcr.io/ocicl/trivial-features@sha256:e278e24d39060fc7d3715531b16ddd9ab7f93f22ade53e436c0b86dbae3aa065, trivial-features-1.0/trivial-features-tests.asd
trivial-garbage, ghcr.io/ocicl/trivial-garbage@sha256:a85dcf4110ad60ae9f6c70970acceb2bf12402ce5326891643d35506059afb1d, trivial-garbage-20240503-3474f64/trivial-garbage.asd
trivial-gray-streams, ghcr.io/ocicl/trivial-gray-streams@sha256:d0cc9fb73876100ee60647524f98b5b22566fa1c3a985d79548b0d2b228f8b51, trivial-gray-streams-20240503-a7ead68/trivial-gray-streams.asd
trivial-gray-streams-test, ghcr.io/ocicl/trivial-gray-streams@sha256:d0cc9fb73876100ee60647524f98b5b22566fa1c3a985d79548b0d2b228f8b51, trivial-gray-streams-20240503-a7ead68/trivial-gray-streams-test.asd
trivial-indent, ghcr.io/ocicl/trivial-indent@sha256:2969bd1dc3cefd22fd1b0c5aeec664d4217a2593fe03bb043d8b6958aabc8b2a, trivial-indent-20250813-87b35ff/trivial-indent.asd
